datetime,solar_wind_speed,electron_density,kp_index,photon_flux,sunspot_number
2026-05-21 09:51:00,445.7,1.75,0,6.988626068960002e-07,79.3
2026-05-21 09:51:00,458.5,5.15,0,6.988626068960002e-07,79.3
2026-05-21 09:52:00,455.4,5.1,0,6.962562792978133e-07,79.3
2026-05-21 09:52:00,444.3,1.88,0,6.962562792978133e-07,79.3
2026-05-21 09:53:00,451.6,5.17,0,6.871892992421635e-07,79.3
2026-05-21 09:53:00,435.4,1.35,0,6.871892992421635e-07,79.3
2026-05-21 09:54:00,450.9,5.09,0,6.817481335019693e-07,79.3
2026-05-21 09:54:00,431.8,1.1,0,6.817481335019693e-07,79.3
2026-05-21 09:55:00,434.8,1.3,0,6.761794679732702e-07,79.3
2026-05-21 09:55:00,449.6,5.21,0,6.761794679732702e-07,79.3
2026-05-21 09:56:00,438.0,1.21,0,5.059026531029076e-09,79.3
2026-05-21 09:56:00,447.9,5.23,0,5.059026531029076e-09,79.3
2026-05-21 09:57:00,451.8,5.02,0,6.617439112233114e-07,79.3
2026-05-21 09:57:00,444.7,1.0,0,6.617439112233114e-07,79.3
2026-05-21 09:58:00,447.0,5.25,0,6.68663687974913e-07,79.3
2026-05-21 09:59:00,446.0,4.81,0,6.93163315190759e-07,79.3
2026-05-21 10:00:00,446.8,5.16,0,9.481581741965783e-09,79.3
2026-05-21 10:00:00,447.2,1.78,0,9.481581741965783e-09,79.3
2026-05-21 10:01:00,447.7,1.78,0,6.973295967327431e-07,79.3
2026-05-21 10:01:00,448.4,5.2,0,6.973295967327431e-07,79.3
2026-05-21 10:02:00,443.7,5.19,0,6.886571100039873e-07,79.3
2026-05-21 10:02:00,451.6,1.77,0,6.886571100039873e-07,79.3
2026-05-21 10:03:00,443.9,5.15,0,6.791853479626297e-07,79.3
2026-05-21 10:03:00,444.4,1.75,0,6.791853479626297e-07,79.3
2026-05-21 10:04:00,447.0,5.24,0,6.663003659923561e-07,79.3
2026-05-21 10:04:00,421.7,0.81,0,6.663003659923561e-07,79.3
2026-05-21 10:05:00,448.1,5.29,0,6.186418044507036e-09,79.3
2026-05-21 10:05:00,437.6,1.49,0,6.186418044507036e-09,79.3
2026-05-21 10:06:00,439.3,1.99,0,6.530772793666983e-07,79.3
2026-05-21 10:06:00,448.9,4.94,0,6.530772793666983e-07,79.3
2026-05-21 10:07:00,436.4,1.55,0,6.470930316027079e-07,79.3
2026-05-21 10:07:00,449.1,5.34,0,6.470930316027079e-07,79.3
2026-05-21 10:08:00,449.3,5.42,0,6.413456503651105e-07,79.3
2026-05-21 10:08:00,421.0,0.91,0,6.413456503651105e-07,79.3
2026-05-21 10:09:00,448.2,1.5,0,5.196293617615311e-09,79.3
2026-05-21 10:09:00,447.7,5.1,0,5.196293617615311e-09,79.3
2026-05-21 10:10:00,454.7,2.1,0,5.662032620534774e-09,79.3
2026-05-21 10:10:00,448.3,5.19,0,5.662032620534774e-09,79.3
2026-05-21 10:11:00,447.5,5.09,0,6.177974682941567e-07,79.3
2026-05-21 10:11:00,444.9,2.21,0,6.177974682941567e-07,79.3
2026-05-21 10:12:00,409.1,0.7,0,6.15654982993874e-07,79.3
2026-05-21 10:12:00,451.5,5.17,0,6.15654982993874e-07,79.3
2026-05-21 10:13:00,425.9,1.15,0,6.078684009480639e-07,79.3
2026-05-21 10:13:00,455.2,5.03,0,6.078684009480639e-07,79.3
2026-05-21 10:14:00,432.2,1.58,0,6.008691002534761e-07,79.3
2026-05-21 10:14:00,457.7,4.9,0,6.008691002534761e-07,79.3
2026-05-21 10:15:00,433.0,1.59,0,2.621667993807364e-09,79.3
2026-05-21 10:15:00,453.8,5.04,0,2.621667993807364e-09,79.3
2026-05-21 10:16:00,453.8,4.99,0,5.9329488522053e-07,79.3
2026-05-21 10:16:00,432.1,1.46,0,5.9329488522053e-07,79.3
2026-05-21 10:17:00,417.6,0.82,0,5.904579438720248e-07,79.3
2026-05-21 10:17:00,451.3,4.8,0,5.904579438720248e-07,79.3
2026-05-21 10:18:00,451.4,4.96,0,5.865922503289767e-07,79.3
2026-05-21 10:18:00,444.7,1.99,0,5.865922503289767e-07,79.3
2026-05-21 10:19:00,431.4,1.45,0,5.876312911823334e-07,79.3
2026-05-21 10:19:00,451.8,5.12,0,5.876312911823334e-07,79.3
2026-05-21 10:20:00,455.6,5.01,0,3.805343151697116e-09,79.3
2026-05-21 10:20:00,429.6,1.25,0,3.805343151697116e-09,79.3
2026-05-21 10:21:00,455.1,5.05,0,5.83744053983537e-07,79.3
2026-05-21 10:21:00,427.2,0.71,0,5.83744053983537e-07,79.3
2026-05-21 10:22:00,490.0,1.16,0,5.819599095957528e-07,79.3
2026-05-21 10:22:00,453.3,4.76,0,5.819599095957528e-07,79.3
2026-05-21 10:23:00,457.6,4.96,0,5.779788807558361e-07,79.3
2026-05-21 10:23:00,488.5,1.12,0,5.779788807558361e-07,79.3
2026-05-21 10:24:00,468.7,5.46,0,5.735185482080851e-07,79.3
2026-05-21 10:24:00,478.9,0.81,0,5.735185482080851e-07,79.3
2026-05-21 10:25:00,461.0,5.13,0,3.827362871078321e-09,79.3
2026-05-21 10:25:00,468.9,0.88,0,3.827362871078321e-09,79.3
2026-05-21 10:26:00,457.8,5.13,0,5.745061457673728e-07,79.3
2026-05-21 10:26:00,466.7,1.19,0,5.745061457673728e-07,79.3
2026-05-21 10:27:00,467.0,1.64,0,5.759719101661176e-07,79.3
2026-05-21 10:27:00,460.8,4.93,0,5.759719101661176e-07,79.3
2026-05-21 10:28:00,454.5,1.46,0,5.794453841190261e-07,79.3
2026-05-21 10:28:00,460.3,4.83,0,5.794453841190261e-07,79.3
2026-05-21 10:29:00,458.7,4.67,0,5.820783144372399e-07,79.3
2026-05-21 10:30:00,460.5,5.24,0,5.887911811441882e-07,79.3
2026-05-21 10:30:00,442.5,0.9,0,5.887911811441882e-07,79.3
2026-05-21 10:31:00,455.1,5.19,0,5.983850996926776e-07,79.3
2026-05-21 10:31:00,450.7,1.24,0,5.983850996926776e-07,79.3
2026-05-21 10:32:00,465.0,5.98,0,5.955941446700308e-07,79.3
2026-05-21 10:32:00,456.2,1.41,0,5.955941446700308e-07,79.3
2026-05-21 10:33:00,442.6,1.12,0,5.939688207945437e-07,79.3
2026-05-21 10:33:00,480.8,6.43,0,5.939688207945437e-07,79.3
2026-05-21 10:34:00,442.7,0.57,0,6.069082569837292e-09,79.3
2026-05-21 10:34:00,464.1,5.85,0,6.069082569837292e-09,79.3
2026-05-21 10:35:00,447.2,1.24,0,6.262611318419431e-09,79.3
2026-05-21 10:35:00,474.7,6.75,0,6.262611318419431e-09,79.3
2026-05-21 10:36:00,479.3,6.2,0,6.093184197197843e-07,79.3
2026-05-21 10:36:00,448.1,1.54,0,6.093184197197843e-07,79.3
2026-05-21 10:37:00,464.1,5.87,0,6.193412787069974e-07,79.3
2026-05-21 10:37:00,433.4,1.67,0,6.193412787069974e-07,79.3
2026-05-21 10:38:00,459.1,5.33,0,6.215103098838881e-07,79.3
2026-05-21 10:38:00,412.2,0.54,0,6.215103098838881e-07,79.3
2026-05-21 10:39:00,424.9,1.29,0,6.22093921265332e-07,79.3
2026-05-21 10:39:00,458.7,5.4,0,6.22093921265332e-07,79.3
2026-05-21 10:40:00,435.4,1.52,0,6.339498668239685e-07,79.3
2026-05-21 10:40:00,451.1,5.16,0,6.339498668239685e-07,79.3
2026-05-21 10:41:00,451.6,5.33,0,6.479972967099457e-07,79.3
2026-05-21 10:41:00,437.0,1.66,0,6.479972967099457e-07,79.3
2026-05-21 10:42:00,426.5,1.24,0,6.746629992449016e-07,79.3
2026-05-21 10:42:00,452.9,5.35,0,6.746629992449016e-07,79.3
2026-05-21 10:43:00,428.5,1.28,0,7.152446528380096e-07,79.3
2026-05-21 10:43:00,452.0,5.23,0,7.152446528380096e-07,79.3
2026-05-21 10:44:00,447.8,5.5,0,1.2481099709304999e-08,79.3
2026-05-21 10:44:00,444.9,1.73,0,1.2481099709304999e-08,79.3
2026-05-21 10:45:00,450.2,2.47,0,6.849837177469453e-07,79.3
2026-05-21 10:45:00,449.8,5.36,0,6.849837177469453e-07,79.3
2026-05-21 10:46:00,447.6,2.23,0,6.830554184489301e-07,79.3
2026-05-21 10:46:00,455.9,5.66,0,6.830554184489301e-07,79.3
2026-05-21 10:47:00,444.9,1.66,0,6.793319471398718e-07,79.3
2026-05-21 10:47:00,453.5,5.31,0,6.793319471398718e-07,79.3
2026-05-21 10:48:00,454.2,1.77,0,1.1486073425714949e-08,79.3
2026-05-21 10:48:00,448.0,5.42,0,1.1486073425714949e-08,79.3
2026-05-21 10:49:00,445.8,2.24,0,1.109510883168241e-08,79.3
2026-05-21 10:49:00,447.1,5.2,0,1.109510883168241e-08,79.3
2026-05-21 10:50:00,448.0,5.08,0,6.687917561976064e-07,79.3
2026-05-21 10:50:00,438.7,1.54,0,6.687917561976064e-07,79.3
2026-05-21 10:51:00,449.2,5.39,0,6.744482448084455e-07,79.3
2026-05-21 10:51:00,441.1,2.0,0,6.744482448084455e-07,79.3
2026-05-21 10:52:00,448.9,2.43,0,6.709745434818615e-07,79.3
2026-05-21 10:52:00,449.3,5.31,0,6.709745434818615e-07,79.3
2026-05-21 10:53:00,447.4,5.06,0,6.713160587423772e-07,79.3
2026-05-21 10:53:00,440.4,2.05,0,6.713160587423772e-07,79.3
2026-05-21 10:54:00,433.4,1.74,0,1.1207476724450771e-08,79.3
2026-05-21 10:54:00,447.6,4.97,0,1.1207476724450771e-08,79.3
2026-05-21 10:55:00,456.1,5.17,0,6.661866791546345e-07,79.3
2026-05-21 10:55:00,433.2,1.88,0,6.661866791546345e-07,79.3
2026-05-21 10:56:00,441.0,2.07,0,6.634424494222912e-07,79.3
2026-05-21 10:56:00,457.4,5.5,0,6.634424494222912e-07,79.3
2026-05-21 10:57:00,455.1,5.14,0,6.683567903564835e-07,79.3
2026-05-21 10:57:00,444.6,1.9,0,6.683567903564835e-07,79.3
2026-05-21 10:58:00,444.5,1.94,0,6.906424232511199e-07,79.3
2026-05-21 10:58:00,455.3,5.06,0,6.906424232511199e-07,79.3
2026-05-21 10:59:00,457.9,5.11,0,1.1566434920950996e-08,79.3
2026-05-21 11:00:00,459.8,5.12,0,6.663330509582011e-07,79.3
2026-05-21 11:01:00,454.7,2.23,0,6.538269872180535e-07,79.3
2026-05-21 11:01:00,456.1,5.08,0,6.538269872180535e-07,79.3
2026-05-21 11:02:00,456.2,5.04,0,6.510626349154336e-07,79.3
2026-05-21 11:02:00,449.7,2.51,0,6.510626349154336e-07,79.3
2026-05-21 11:03:00,453.8,4.8,0,6.558179848070722e-07,79.3
2026-05-21 11:03:00,436.2,1.94,0,6.558179848070722e-07,79.3
2026-05-21 11:04:00,455.9,4.86,0,1.0036563580229085e-08,79.3
2026-05-21 11:04:00,420.8,0.89,0,1.0036563580229085e-08,79.3
2026-05-21 11:05:00,449.0,1.94,0,6.886879759804287e-07,79.3
2026-05-21 11:05:00,449.9,5.12,0,6.886879759804287e-07,79.3
2026-05-21 11:06:00,449.4,4.82,0,6.634702458541142e-07,79.3
2026-05-21 11:06:00,452.7,2.15,0,6.634702458541142e-07,79.3
2026-05-21 11:07:00,438.0,1.53,0,6.43283613044332e-07,79.3
2026-05-21 11:07:00,451.3,4.96,0,6.43283613044332e-07,79.3
2026-05-21 11:08:00,454.5,4.88,0,6.286832672230958e-07,79.3
2026-05-21 11:08:00,424.2,0.92,0,6.286832672230958e-07,79.3
2026-05-21 11:09:00,445.9,1.81,0,6.162931640574243e-07,79.3
2026-05-21 11:09:00,454.7,4.97,0,6.162931640574243e-07,79.3
2026-05-21 11:10:00,452.3,4.89,0,6.084756023483351e-07,79.3
2026-05-21 11:10:00,442.4,1.72,0,6.084756023483351e-07,79.3
2026-05-21 11:11:00,448.1,1.63,0,6.062392117200943e-07,79.3
2026-05-21 11:11:00,450.4,5.3,0,6.062392117200943e-07,79.3
2026-05-21 11:12:00,433.5,1.22,0,6.015784492774401e-07,79.3
2026-05-21 11:12:00,455.9,5.18,0,6.015784492774401e-07,79.3
2026-05-21 11:13:00,449.1,5.03,0,5.984721838103724e-07,79.3
2026-05-21 11:13:00,456.1,1.64,0,5.984721838103724e-07,79.3
2026-05-21 11:14:00,460.6,2.49,0,9.420348057176398e-09,79.3
2026-05-21 11:14:00,450.0,4.84,0,9.420348057176398e-09,79.3
2026-05-21 11:15:00,449.8,4.83,0,9.885665619435713e-09,79.3
2026-05-21 11:15:00,442.8,2.28,0,9.885665619435713e-09,79.3
2026-05-21 11:16:00,449.7,4.94,0,5.911282414672314e-07,79.3
2026-05-21 11:16:00,423.8,1.26,0,5.911282414672314e-07,79.3
2026-05-21 11:17:00,410.1,0.56,0,5.880813773728732e-07,79.3
2026-05-21 11:17:00,451.2,4.98,0,5.880813773728732e-07,79.3
2026-05-21 11:18:00,449.2,4.93,0,5.829642191201856e-07,79.3
2026-05-21 11:18:00,431.0,1.51,0,5.829642191201856e-07,79.3
2026-05-21 11:19:00,430.1,1.35,0,5.83300163725653e-07,79.3
2026-05-21 11:19:00,448.0,4.85,0,5.83300163725653e-07,79.3
2026-05-21 11:20:00,447.3,4.74,0,7.637216192790675e-09,79.3
2026-05-21 11:20:00,423.4,0.75,0,7.637216192790675e-09,79.3
2026-05-21 11:21:00,407.7,0.47,0,5.974573014100315e-07,79.3
2026-05-21 11:21:00,449.0,4.96,0,5.974573014100315e-07,79.3
2026-05-21 11:22:00,452.0,5.03,0,6.018527187734435e-07,79.3
2026-05-21 11:22:00,448.9,2.45,0,6.018527187734435e-07,79.3
2026-05-21 11:23:00,449.4,4.78,0,6.056949359845021e-07,79.3
2026-05-21 11:23:00,451.6,2.53,0,6.056949359845021e-07,79.3
2026-05-21 11:24:00,427.4,1.47,0,1.0616798995499721e-08,79.3
2026-05-21 11:24:00,449.2,5.01,0,1.0616798995499721e-08,79.3
2026-05-21 11:25:00,402.9,0.92,0,1.0254440852008884e-08,79.3
2026-05-21 11:25:00,449.8,4.64,0,1.0254440852008884e-08,79.3
2026-05-21 11:26:00,454.6,4.88,0,6.122238005445979e-07,79.3
2026-05-21 11:26:00,417.3,0.91,0,6.122238005445979e-07,79.3
2026-05-21 11:27:00,449.5,4.78,0,6.25563131961826e-07,79.3
2026-05-21 11:27:00,442.1,2.1,0,6.25563131961826e-07,79.3
2026-05-21 11:28:00,453.4,4.92,0,6.393348144229094e-07,79.3
2026-05-21 11:28:00,430.0,1.78,0,6.393348144229094e-07,79.3
2026-05-21 11:29:00,414.0,1.1,0,6.654853450527298e-07,79.3
2026-05-21 11:29:00,454.6,4.96,0,6.654853450527298e-07,79.3
2026-05-21 11:30:00,423.4,1.46,0,1.7562364007517317e-08,79.3
2026-05-21 11:30:00,459.4,4.92,0,1.7562364007517317e-08,79.3
2026-05-21 11:31:00,454.5,4.94,0,7.37818595553108e-07,79.3
2026-05-21 11:31:00,434.2,2.05,0,7.37818595553108e-07,79.3
2026-05-21 11:32:00,445.8,4.94,0,7.613962793584506e-07,79.3
2026-05-21 11:32:00,432.7,2.1,0,7.613962793584506e-07,79.3
2026-05-21 11:33:00,446.3,4.97,0,7.709934379818151e-07,79.3
2026-05-21 11:33:00,421.6,1.62,0,7.709934379818151e-07,79.3
2026-05-21 11:34:00,450.1,5.11,0,7.605309519931325e-07,79.3
2026-05-21 11:34:00,417.1,1.27,0,7.605309519931325e-07,79.3
2026-05-21 11:35:00,444.0,1.97,0,1.606754729266413e-08,79.3
2026-05-21 11:35:00,449.3,4.97,0,1.606754729266413e-08,79.3
2026-05-21 11:36:00,448.1,5.0,0,7.209325758594787e-07,79.3
2026-05-21 11:36:00,444.3,2.19,0,7.209325758594787e-07,79.3
2026-05-21 11:37:00,449.9,5.01,0,6.959951974749856e-07,79.3
2026-05-21 11:37:00,426.9,1.57,0,6.959951974749856e-07,79.3
2026-05-21 11:38:00,451.0,4.97,0,6.755591357432422e-07,79.3
2026-05-21 11:38:00,408.8,0.55,0,6.755591357432422e-07,79.3
2026-05-21 11:39:00,427.3,1.65,0,6.606503575312672e-07,79.3
2026-05-21 11:39:00,451.9,5.08,0,6.606503575312672e-07,79.3
2026-05-21 11:40:00,455.7,5.0,0,9.696061731290229e-09,79.3
2026-05-21 11:40:00,438.1,1.94,0,9.696061731290229e-09,79.3
2026-05-21 11:41:00,438.5,1.86,0,6.506732006528182e-07,79.3
2026-05-21 11:41:00,458.0,5.1,0,6.506732006528182e-07,79.3
2026-05-21 11:42:00,410.2,0.35,0,6.682304842797748e-07,79.3
2026-05-21 11:42:00,445.4,4.9,0,6.682304842797748e-07,79.3
2026-05-21 11:43:00,434.7,1.97,0,7.008917464190745e-07,79.3
2026-05-21 11:43:00,446.3,4.84,0,7.008917464190745e-07,79.3
2026-05-21 11:44:00,446.9,5.01,0,6.997141213105351e-07,79.3
2026-05-21 11:44:00,434.3,1.97,0,6.997141213105351e-07,79.3
2026-05-21 11:45:00,446.5,5.03,0,1.2025910933743944e-08,79.3
2026-05-21 11:45:00,430.0,1.84,0,1.2025910933743944e-08,79.3
2026-05-21 11:46:00,447.1,5.14,0,6.685741595902073e-07,79.3
2026-05-21 11:46:00,415.8,1.06,0,6.685741595902073e-07,79.3
2026-05-21 11:47:00,446.8,5.04,0,6.520414217447978e-07,79.3
2026-05-21 11:47:00,414.7,1.06,0,6.520414217447978e-07,79.3
2026-05-21 11:48:00,426.0,1.73,0,6.362920998981281e-07,79.3
2026-05-21 11:48:00,446.9,5.23,0,6.362920998981281e-07,79.3
2026-05-21 11:49:00,426.1,1.63,0,6.233861995497136e-07,79.3
2026-05-21 11:49:00,445.9,5.06,0,6.233861995497136e-07,79.3
2026-05-21 11:50:00,422.1,1.37,0,6.101686267356854e-07,79.3
2026-05-21 11:50:00,444.3,5.08,0,6.101686267356854e-07,79.3
2026-05-21 11:51:00,424.1,1.38,0,6.082991035327723e-07,79.3
2026-05-21 11:51:00,447.0,5.35,0,6.082991035327723e-07,79.3
2026-05-21 11:52:00,423.8,1.38,0,6.031648922544264e-07,79.3
2026-05-21 11:52:00,448.2,5.25,0,6.031648922544264e-07,79.3
2026-05-21 11:53:00,444.4,5.11,0,5.892326839784801e-07,79.3
2026-05-21 11:53:00,423.1,1.38,0,5.892326839784801e-07,79.3
2026-05-21 11:54:00,427.8,1.35,0,7.918212752144882e-09,79.3
2026-05-21 11:54:00,445.0,4.93,0,7.918212752144882e-09,79.3
2026-05-21 11:55:00,449.3,5.29,0,7.550915448462092e-09,79.3
2026-05-21 11:55:00,412.6,0.77,0,7.550915448462092e-09,79.3
2026-05-21 11:56:00,447.5,5.09,0,5.774082865173114e-07,79.3
2026-05-21 11:56:00,431.5,1.44,0,5.774082865173114e-07,79.3
2026-05-21 11:57:00,435.1,1.9,0,5.732574663852574e-07,79.3
2026-05-21 11:57:00,446.7,4.94,0,5.732574663852574e-07,79.3
2026-05-21 11:58:00,444.8,4.83,0,5.701022018911317e-07,79.3
2026-05-21 11:58:00,421.4,1.57,0,5.701022018911317e-07,79.3
2026-05-21 11:59:00,403.5,1.04,0,5.708777734980686e-07,79.3
2026-05-21 11:59:00,444.6,4.93,0,5.708777734980686e-07,79.3
2026-05-21 12:00:00,407.5,0.86,0,6.3975953423778265e-09,79.3
2026-05-21 12:00:00,448.9,4.78,0,6.3975953423778265e-09,79.3
2026-05-21 12:01:00,445.7,4.95,0,5.723776439481298e-07,79.3
2026-05-21 12:01:00,422.9,1.2,0,5.723776439481298e-07,79.3
2026-05-21 12:02:00,446.4,4.86,0,5.70408360545116e-07,79.3
2026-05-21 12:02:00,427.0,1.32,0,5.70408360545116e-07,79.3
2026-05-21 12:03:00,449.6,4.9,0,5.724344305235718e-07,79.3
2026-05-21 12:03:00,420.5,1.2,0,5.724344305235718e-07,79.3
2026-05-21 12:04:00,416.0,1.08,0,5.729667122977844e-07,79.3
2026-05-21 12:04:00,446.6,5.13,0,5.729667122977844e-07,79.3
2026-05-21 12:05:00,447.9,4.98,0,8.071588730729218e-09,79.3
2026-05-21 12:05:00,417.5,1.02,0,8.071588730729218e-09,79.3
2026-05-21 12:06:00,417.2,1.05,0,5.73015483951167e-07,79.3
2026-05-21 12:06:00,443.6,4.68,0,5.73015483951167e-07,79.3
2026-05-21 12:07:00,409.6,1.03,0,5.710559207727783e-07,79.3
2026-05-21 12:07:00,442.8,5.05,0,5.710559207727783e-07,79.3
2026-05-21 12:08:00,442.8,5.06,0,5.665139610755432e-07,79.3
2026-05-21 12:08:00,410.5,0.95,0,5.665139610755432e-07,79.3
2026-05-21 12:09:00,442.8,5.0,0,7.407506164014421e-09,79.3
2026-05-21 12:09:00,427.2,0.89,0,7.407506164014421e-09,79.3
2026-05-21 12:10:00,439.7,4.74,0,6.8194041524805016e-09,79.3
2026-05-21 12:10:00,436.2,1.29,0,6.8194041524805016e-09,79.3
2026-05-21 12:11:00,437.5,4.07,0,5.717351427847461e-07,79.3
2026-05-21 12:11:00,430.7,1.17,0,5.717351427847461e-07,79.3
2026-05-21 12:12:00,434.0,3.97,0,5.73188231101085e-07,79.3
2026-05-21 12:12:00,421.2,0.94,0,5.73188231101085e-07,79.3
2026-05-21 12:13:00,431.4,4.24,0,5.758150223300618e-07,79.3
2026-05-21 12:13:00,426.9,0.89,0,5.758150223300618e-07,79.3
2026-05-21 12:14:00,442.3,1.37,0,5.552559745325425e-09,79.3
2026-05-21 12:14:00,432.1,4.12,0,5.552559745325425e-09,79.3
2026-05-21 12:15:00,434.8,4.33,0,5.307991823855218e-09,79.3
2026-05-21 12:15:00,425.9,1.4,0,5.307991823855218e-09,79.3
2026-05-21 12:16:00,406.9,0.77,0,5.864693548573996e-07,79.3
2026-05-21 12:16:00,435.7,4.16,0,5.864693548573996e-07,79.3
2026-05-21 12:17:00,429.6,4.11,0,5.919727072978276e-07,79.3
2026-05-21 12:17:00,413.8,1.26,0,5.919727072978276e-07,79.3
2026-05-21 12:18:00,421.3,1.62,0,5.883907192583138e-07,79.3
2026-05-21 12:18:00,434.3,4.39,0,5.883907192583138e-07,79.3
2026-05-21 12:19:00,430.1,4.42,0,5.849046260664181e-07,79.3
2026-05-21 12:19:00,421.5,1.67,0,5.849046260664181e-07,79.3
2026-05-21 12:20:00,416.8,1.42,0,8.419002384130181e-09,79.3
2026-05-21 12:20:00,431.5,3.87,0,8.419002384130181e-09,79.3
2026-05-21 12:21:00,428.4,1.21,0,5.912971232646669e-07,79.3
2026-05-21 12:21:00,434.4,3.77,0,5.912971232646669e-07,79.3
2026-05-21 12:22:00,453.6,1.73,0,5.909531068937213e-07,79.3
2026-05-21 12:22:00,436.2,4.32,0,5.909531068937213e-07,79.3
2026-05-21 12:23:00,439.7,1.92,0,5.89643946113938e-07,79.3
2026-05-21 12:23:00,456.5,5.16,0,5.89643946113938e-07,79.3
2026-05-21 12:24:00,456.6,5.07,0,8.071231683004498e-09,79.3
2026-05-21 12:24:00,431.7,2.09,0,8.071231683004498e-09,79.3
2026-05-21 12:25:00,453.4,5.02,0,9.831052416586772e-09,79.3
2026-05-21 12:25:00,433.1,2.12,0,9.831052416586772e-09,79.3
2026-05-21 12:26:00,453.4,5.11,0,5.875769488739024e-07,79.3
2026-05-21 12:26:00,445.8,2.36,0,5.875769488739024e-07,79.3
2026-05-21 12:27:00,453.7,4.93,0,5.849307740390941e-07,79.3
2026-05-21 12:27:00,447.1,2.39,0,5.849307740390941e-07,79.3
2026-05-21 12:28:00,444.2,2.04,0,5.795308766209928e-07,79.3
2026-05-21 12:28:00,451.9,4.84,0,5.795308766209928e-07,79.3
2026-05-21 12:29:00,452.7,4.98,0,5.787306918136892e-07,79.3
2026-05-21 12:29:00,417.0,0.54,0,5.787306918136892e-07,79.3
2026-05-21 12:30:00,453.8,4.95,0,8.477157642516886e-09,79.3
2026-05-21 12:30:00,446.2,1.65,0,8.477157642516886e-09,79.3
2026-05-21 12:31:00,441.0,2.03,0,5.823218884870585e-07,79.3
2026-05-21 12:31:00,453.6,5.07,0,5.823218884870585e-07,79.3
2026-05-21 12:32:00,453.2,4.91,0,5.799022915198293e-07,79.3
2026-05-21 12:32:00,441.4,1.91,0,5.799022915198293e-07,79.3
2026-05-21 12:33:00,453.6,4.9,0,5.799456630484201e-07,79.3
2026-05-21 12:33:00,427.6,0.98,0,5.799456630484201e-07,79.3
2026-05-21 12:34:00,439.3,1.76,0,8.102468918025352e-09,79.3
2026-05-21 12:34:00,454.3,4.95,0,8.102468918025352e-09,79.3
2026-05-21 12:35:00,446.6,2.34,0,5.762746582149703e-07,79.3
2026-05-21 12:35:00,455.1,5.22,0,5.762746582149703e-07,79.3
2026-05-21 12:36:00,440.2,1.87,0,5.791641797259217e-07,79.3
2026-05-21 12:36:00,453.8,4.9,0,5.791641797259217e-07,79.3
2026-05-21 12:37:00,455.3,4.99,0,5.800852704851422e-07,79.3
2026-05-21 12:37:00,432.0,1.29,0,5.800852704851422e-07,79.3
2026-05-21 12:38:00,454.8,4.99,0,5.789260058008949e-07,79.3
2026-05-21 12:38:00,415.7,0.58,0,5.789260058008949e-07,79.3
2026-05-21 12:39:00,456.1,4.83,0,5.787116492683708e-07,79.3
2026-05-21 12:39:00,428.1,1.32,0,5.787116492683708e-07,79.3
2026-05-21 12:40:00,446.0,2.86,0,5.832013698636729e-07,79.3
2026-05-21 12:40:00,453.5,4.86,0,5.832013698636729e-07,79.3
2026-05-21 12:41:00,443.7,1.98,0,5.876739805898978e-07,79.3
2026-05-21 12:41:00,453.4,4.92,0,5.876739805898978e-07,79.3
2026-05-21 12:42:00,417.9,0.71,0,5.864810077582661e-07,79.3
2026-05-21 12:42:00,453.1,4.92,0,5.864810077582661e-07,79.3
2026-05-21 12:43:00,451.0,4.71,0,5.03318853262158e-09,79.3
2026-05-21 12:44:00,448.0,4.66,0,5.928996529291908e-07,79.3
2026-05-21 12:44:00,451.0,2.5,0,5.928996529291908e-07,79.3
2026-05-21 12:45:00,445.2,1.91,0,5.956105724180816e-07,79.3
2026-05-21 12:45:00,449.5,4.81,0,5.956105724180816e-07,79.3
2026-05-21 12:46:00,452.8,4.71,0,5.956871405032871e-07,79.3
2026-05-21 12:46:00,417.5,1.09,0,5.956871405032871e-07,79.3
2026-05-21 12:47:00,454.2,4.96,0,4.777392703658734e-09,79.3
2026-05-21 12:47:00,447.3,1.69,0,4.777392703658734e-09,79.3
2026-05-21 12:48:00,462.2,2.26,0,7.322549233634845e-09,79.3
2026-05-21 12:48:00,456.4,4.91,0,7.322549233634845e-09,79.3
2026-05-21 12:49:00,455.7,4.96,0,5.999459062877577e-07,79.3
2026-05-21 12:49:00,457.1,2.22,0,5.999459062877577e-07,79.3
2026-05-21 12:50:00,460.4,5.09,0,6.019002398716111e-07,79.3
2026-05-21 12:50:00,433.7,1.51,0,6.019002398716111e-07,79.3
2026-05-21 12:51:00,434.4,1.43,0,6.09182961852639e-07,79.3
2026-05-21 12:51:00,457.6,5.06,0,6.09182961852639e-07,79.3
2026-05-21 12:52:00,459.2,5.11,0,6.153054528112989e-07,79.3
2026-05-21 12:52:00,451.5,2.14,0,6.153054528112989e-07,79.3
2026-05-21 12:53:00,457.1,5.14,0,6.533806384823038e-09,79.3
2026-05-21 12:53:00,449.6,2.31,0,6.533806384823038e-09,79.3
2026-05-21 12:54:00,435.2,1.44,0,6.10525717092969e-07,79.3
2026-05-21 12:54:00,456.9,4.95,0,6.10525717092969e-07,79.3
2026-05-21 12:55:00,423.5,0.87,0,6.038774245098466e-07,79.3
2026-05-21 12:55:00,456.3,4.93,0,6.038774245098466e-07,79.3
2026-05-21 12:56:00,446.2,2.08,0,5.999219183649984e-07,79.3
2026-05-21 12:56:00,460.4,5.07,0,5.999219183649984e-07,79.3
2026-05-21 12:57:00,472.6,6.47,0,5.99323811911745e-07,79.3
2026-05-21 12:57:00,457.9,1.86,0,5.99323811911745e-07,79.3
2026-05-21 12:58:00,456.8,1.87,0,3.830263217707852e-09,79.3
2026-05-21 12:58:00,472.9,6.38,0,3.830263217707852e-09,79.3
2026-05-21 12:59:00,472.2,6.28,0,6.035695037098776e-07,79.3
2026-05-21 12:59:00,425.3,1.91,0,6.035695037098776e-07,79.3
2026-05-21 13:00:00,433.5,2.57,0,6.051623699931952e-07,79.3
2026-05-21 13:00:00,452.1,4.96,0,6.051623699931952e-07,79.3
2026-05-21 13:01:00,449.8,4.92,0,6.071192615308973e-07,79.3
2026-05-21 13:01:00,429.5,2.29,0,6.071192615308973e-07,79.3
2026-05-21 13:02:00,450.9,5.04,0,6.070824269954755e-07,79.3
2026-05-21 13:02:00,430.6,1.35,0,6.070824269954755e-07,79.3
2026-05-21 13:03:00,434.8,1.72,0,7.51167927859342e-09,79.3
2026-05-21 13:03:00,430.4,4.18,0,7.51167927859342e-09,79.3
2026-05-21 13:04:00,437.0,4.4,0,6.215395274011826e-07,79.3
2026-05-21 13:04:00,448.1,2.12,0,6.215395274011826e-07,79.3
2026-05-21 13:05:00,449.4,5.25,0,6.313131848401099e-07,79.3
2026-05-21 13:05:00,449.0,1.93,0,6.313131848401099e-07,79.3
2026-05-21 13:06:00,448.3,2.3,0,6.351894512590661e-07,79.3
2026-05-21 13:06:00,454.4,5.08,0,6.351894512590661e-07,79.3
2026-05-21 13:07:00,425.8,1.47,0,6.493691557807324e-07,79.3
2026-05-21 13:07:00,455.4,5.16,0,6.493691557807324e-07,79.3
2026-05-21 13:08:00,462.4,5.49,0,6.607776867895154e-07,79.3
2026-05-21 13:08:00,417.2,1.1,0,6.607776867895154e-07,79.3
2026-05-21 13:09:00,447.1,4.83,0,6.633575253545132e-07,79.3
2026-05-21 13:09:00,436.5,2.32,0,6.633575253545132e-07,79.3
2026-05-21 13:10:00,433.7,2.08,0,6.655619131379353e-07,79.3
2026-05-21 13:10:00,452.2,4.94,0,6.655619131379353e-07,79.3
2026-05-21 13:11:00,454.4,5.07,0,6.721446652591112e-07,79.3
2026-05-21 13:11:00,424.7,1.07,0,6.721446652591112e-07,79.3
2026-05-21 13:12:00,453.3,5.0,0,6.834527539467672e-07,79.3
2026-05-21 13:12:00,412.4,0.8,0,6.834527539467672e-07,79.3
2026-05-21 13:13:00,424.3,1.69,0,1.3202044790716627e-08,79.3
2026-05-21 13:13:00,452.8,5.03,0,1.3202044790716627e-08,79.3
2026-05-21 13:14:00,424.4,1.68,0,7.286875529644021e-07,79.3
2026-05-21 13:14:00,452.9,5.09,0,7.286875529644021e-07,79.3
2026-05-21 13:15:00,427.7,1.47,0,7.675754432057147e-07,79.3
2026-05-21 13:15:00,453.5,5.12,0,7.675754432057147e-07,79.3
2026-05-21 13:16:00,403.5,0.88,0,8.623670169072284e-07,79.3
2026-05-21 13:16:00,453.1,4.72,0,8.623670169072284e-07,79.3
2026-05-21 13:17:00,410.8,1.1,0,1.493843484468016e-07,79.3
2026-05-21 13:17:00,449.8,4.9,0,1.493843484468016e-07,79.3
2026-05-21 13:18:00,447.1,4.85,0,2.025423555096495e-06,79.3
2026-05-21 13:18:00,441.2,1.81,0,2.025423555096495e-06,79.3
2026-05-21 13:19:00,447.2,1.94,0,2.8372464839776512e-06,79.3
2026-05-21 13:19:00,449.2,4.83,0,2.8372464839776512e-06,79.3
2026-05-21 13:20:00,416.1,1.47,0,5.499501639860682e-06,79.3
2026-05-21 13:20:00,449.5,4.81,0,5.499501639860682e-06,79.3
2026-05-21 13:21:00,452.4,4.82,0,5.566780600929633e-06,79.3
2026-05-21 13:21:00,419.5,1.03,0,5.566780600929633e-06,79.3
2026-05-21 13:22:00,451.1,4.77,0,4.5178833829595533e-07,79.3
2026-05-21 13:22:00,439.2,1.62,0,4.5178833829595533e-07,79.3
2026-05-21 13:23:00,444.8,2.1,0,3.4594904718687758e-06,79.3
2026-05-21 13:23:00,446.1,4.83,0,3.4594904718687758e-06,79.3
2026-05-21 13:24:00,449.4,4.82,0,2.662020278876298e-06,79.3
2026-05-21 13:24:00,422.8,1.61,0,2.662020278876298e-06,79.3
2026-05-21 13:25:00,450.2,4.91,0,2.1050927898613736e-06,79.3
2026-05-21 13:25:00,406.0,1.0,0,2.1050927898613736e-06,79.3
2026-05-21 13:26:00,450.0,4.71,0,7.14961316816698e-08,79.3
2026-05-21 13:26:00,417.4,1.24,0,7.14961316816698e-08,79.3
2026-05-21 13:27:00,451.9,4.85,0,4.871813175100215e-08,79.3
2026-05-21 13:27:00,432.2,2.48,0,4.871813175100215e-08,79.3
2026-05-21 13:28:00,432.8,2.0,0,1.1839698572657653e-06,79.3
2026-05-21 13:28:00,448.6,5.03,0,1.1839698572657653e-06,79.3
2026-05-21 13:29:00,449.4,4.76,0,1.0264080856359215e-06,79.3
2026-05-21 13:29:00,404.3,0.82,0,1.0264080856359215e-06,79.3
2026-05-21 13:30:00,450.4,4.81,0,9.216900593855826e-07,79.3
2026-05-21 13:31:00,448.3,4.81,0,1.562469975624481e-08,79.3
2026-05-21 13:32:00,422.0,1.36,0,1.295395168909863e-08,79.3
2026-05-21 13:32:00,446.9,4.85,0,1.295395168909863e-08,79.3
2026-05-21 13:33:00,402.0,0.78,0,8.079923077275453e-07,79.3
2026-05-21 13:33:00,449.0,4.94,0,8.079923077275453e-07,79.3
2026-05-21 13:34:00,450.4,4.98,0,7.868052307458129e-07,79.3
2026-05-21 13:34:00,418.5,1.53,0,7.868052307458129e-07,79.3
2026-05-21 13:35:00,449.7,4.72,0,7.793392455823778e-07,79.3
2026-05-21 13:35:00,423.0,1.71,0,7.793392455823778e-07,79.3
2026-05-21 13:36:00,426.8,1.7,0,7.806074222571624e-07,79.3
2026-05-21 13:36:00,435.3,4.24,0,7.806074222571624e-07,79.3
2026-05-21 13:37:00,439.5,3.9,0,7.691098744544433e-07,79.3
2026-05-21 13:37:00,411.4,1.11,0,7.691098744544433e-07,79.3
2026-05-21 13:38:00,443.6,3.91,0,7.698964168412203e-07,79.3
2026-05-21 13:38:00,421.5,1.39,0,7.698964168412203e-07,79.3
2026-05-21 13:39:00,435.5,2.1,0,7.785023399264901e-07,79.3
2026-05-21 13:39:00,447.5,4.9,0,7.785023399264901e-07,79.3
2026-05-21 13:40:00,443.1,4.3,0,7.841463229851797e-07,79.3
2026-05-21 13:40:00,432.0,2.02,0,7.841463229851797e-07,79.3
2026-05-21 13:41:00,419.5,1.32,0,1.4453584107343431e-08,79.3
2026-05-21 13:41:00,435.3,3.71,0,1.4453584107343431e-08,79.3
2026-05-21 13:42:00,438.5,4.14,0,7.810133979546663e-07,79.3
2026-05-21 13:42:00,414.3,1.25,0,7.810133979546663e-07,79.3
2026-05-21 13:43:00,438.6,3.87,0,7.775889798722346e-07,79.3
2026-05-21 13:43:00,438.3,2.1,0,7.775889798722346e-07,79.3
2026-05-21 13:44:00,430.3,1.68,0,7.791454663674813e-07,79.3
2026-05-21 13:44:00,438.2,3.86,0,7.791454663674813e-07,79.3
2026-05-21 13:45:00,439.6,3.87,0,1.0010539064353452e-08,79.3
2026-05-21 13:45:00,431.1,1.45,0,1.0010539064353452e-08,79.3
2026-05-21 13:46:00,439.9,3.8,0,1.1886202244681954e-08,79.3
2026-05-21 13:46:00,413.0,1.28,0,1.1886202244681954e-08,79.3
2026-05-21 13:47:00,428.2,1.69,0,8.479889856971567e-07,79.3
2026-05-21 13:47:00,441.2,3.91,0,8.479889856971567e-07,79.3
2026-05-21 13:48:00,435.3,2.27,0,8.958214721133118e-07,79.3
2026-05-21 13:48:00,444.1,4.22,0,8.958214721133118e-07,79.3
2026-05-21 13:49:00,429.1,1.43,0,8.89952104898839e-07,79.3
2026-05-21 13:49:00,450.0,4.89,0,8.89952104898839e-07,79.3
2026-05-21 13:50:00,409.1,1.16,0,8.56536701121513e-07,79.3
2026-05-21 13:50:00,450.4,4.69,0,8.56536701121513e-07,79.3
2026-05-21 13:51:00,427.0,1.38,0,1.082421707820913e-08,79.3
2026-05-21 13:51:00,455.4,4.76,0,1.082421707820913e-08,79.3
2026-05-21 13:52:00,454.1,4.73,0,9.28519217069379e-09,79.3
2026-05-21 13:52:00,438.9,1.73,0,9.28519217069379e-09,79.3
2026-05-21 13:53:00,447.7,4.72,0,7.797358421157696e-07,79.3
2026-05-21 13:53:00,439.4,1.95,0,7.797358421157696e-07,79.3
2026-05-21 13:54:00,447.2,4.78,0,7.638371357643337e-07,79.3
2026-05-21 13:54:00,421.8,1.33,0,7.638371357643337e-07,79.3
2026-05-21 13:55:00,449.2,4.49,0,7.621040367666865e-07,79.3
2026-05-21 13:55:00,409.1,0.81,0,7.621040367666865e-07,79.3
2026-05-21 13:56:00,448.5,1.75,0,7.749929409328615e-07,79.3
2026-05-21 13:56:00,451.4,4.81,0,7.749929409328615e-07,79.3
2026-05-21 13:57:00,449.3,1.82,0,9.398760880685586e-09,79.3
2026-05-21 13:57:00,450.5,4.85,0,9.398760880685586e-09,79.3
2026-05-21 13:58:00,444.5,1.7,0,7.665317980354303e-07,79.3
2026-05-21 13:58:00,449.2,4.58,0,7.665317980354303e-07,79.3
2026-05-21 13:59:00,444.3,4.18,0,7.592528845634661e-07,79.3
2026-05-21 13:59:00,424.5,1.16,0,7.592528845634661e-07,79.3
2026-05-21 14:00:00,444.8,4.07,0,7.485421633646183e-07,79.3
2026-05-21 14:00:00,434.7,2.06,0,7.485421633646183e-07,79.3
2026-05-21 14:01:00,432.8,2.52,0,7.388906819727481e-09,79.3
2026-05-21 14:01:00,449.5,4.88,0,7.388906819727481e-09,79.3
2026-05-21 14:02:00,440.7,0.73,0,8.653125327384714e-09,79.3
2026-05-21 14:02:00,447.7,4.54,0,8.653125327384714e-09,79.3
2026-05-21 14:03:00,448.5,4.78,0,7.473722121176252e-07,79.3
2026-05-21 14:04:00,455.4,1.73,0,7.596897262374114e-07,79.3
2026-05-21 14:04:00,447.9,4.89,0,7.596897262374114e-07,79.3
2026-05-21 14:05:00,448.0,4.73,0,7.57423777031363e-07,79.3
2026-05-21 14:05:00,445.5,2.23,0,7.57423777031363e-07,79.3
2026-05-21 14:06:00,447.1,4.78,0,7.526136300839426e-07,79.3
2026-05-21 14:06:00,435.3,1.44,0,7.526136300839426e-07,79.3
2026-05-21 14:07:00,415.0,0.62,0,9.52290868383443e-09,79.3
2026-05-21 14:07:00,446.4,4.25,0,9.52290868383443e-09,79.3
2026-05-21 14:08:00,425.8,0.59,0,7.4586904474927e-07,79.3
2026-05-21 14:08:00,446.6,4.2,0,7.4586904474927e-07,79.3
2026-05-21 14:09:00,446.5,4.69,0,7.175839868978073e-07,79.3
2026-05-21 14:09:00,437.4,1.89,0,7.175839868978073e-07,79.3
2026-05-21 14:10:00,440.4,3.86,0,6.982256763876649e-07,79.3
2026-05-21 14:10:00,447.3,2.42,0,6.982256763876649e-07,79.3
2026-05-21 14:11:00,430.4,1.64,0,6.914386858625221e-07,79.3
2026-05-21 14:11:00,446.1,4.3,0,6.914386858625221e-07,79.3
2026-05-21 14:12:00,442.4,4.12,0,4.503890593809956e-09,79.3
2026-05-21 14:12:00,426.2,1.35,0,4.503890593809956e-09,79.3
2026-05-21 14:13:00,439.2,1.91,0,6.661413749498024e-07,79.3
2026-05-21 14:13:00,430.1,3.45,0,6.661413749498024e-07,79.3
2026-05-21 14:14:00,435.9,3.8,0,6.600063784389931e-07,79.3
2026-05-21 14:14:00,429.2,1.97,0,6.600063784389931e-07,79.3
2026-05-21 14:15:00,429.6,1.75,0,6.629646804867662e-07,79.3
2026-05-21 14:15:00,443.1,4.22,0,6.629646804867662e-07,79.3
2026-05-21 14:16:00,445.7,4.38,0,6.692226861559902e-07,79.3
2026-05-21 14:16:00,419.6,0.98,0,6.692226861559902e-07,79.3
2026-05-21 14:17:00,441.1,2.14,0,2.0353032592623777e-09,79.3
2026-05-21 14:17:00,449.9,4.76,0,2.0353032592623777e-09,79.3
2026-05-21 14:18:00,451.0,4.59,0,6.618629981858248e-07,79.3
2026-05-21 14:18:00,432.4,2.47,0,6.618629981858248e-07,79.3
2026-05-21 14:19:00,450.6,4.63,0,6.538066372741014e-07,79.3
2026-05-21 14:19:00,427.9,1.54,0,6.538066372741014e-07,79.3
2026-05-21 14:20:00,447.8,4.39,0,6.478077239080449e-07,79.3
2026-05-21 14:20:00,403.6,0.91,0,6.478077239080449e-07,79.3
2026-05-21 14:21:00,433.7,1.78,0,6.454222898355511e-07,79.3
2026-05-21 14:21:00,450.0,4.56,0,6.454222898355511e-07,79.3
2026-05-21 14:22:00,431.6,1.77,0,4.602941139353334e-09,79.3
2026-05-21 14:22:00,450.6,4.83,0,4.602941139353334e-09,79.3
2026-05-21 14:23:00,447.3,4.07,0,6.552849640684144e-07,79.3
2026-05-21 14:23:00,430.8,1.6,0,6.552849640684144e-07,79.3
2026-05-21 14:24:00,446.7,4.04,0,6.632585609622765e-07,79.3
2026-05-21 14:24:00,418.4,1.18,0,6.632585609622765e-07,79.3
2026-05-21 14:25:00,437.7,1.7,0,6.618267320845916e-07,79.3
2026-05-21 14:25:00,445.2,4.26,0,6.618267320845916e-07,79.3
2026-05-21 14:26:00,449.1,2.18,0,6.582629907825321e-07,79.3
2026-05-21 14:26:00,446.4,4.12,0,6.582629907825321e-07,79.3
2026-05-21 14:27:00,445.0,2.13,0,6.529994607262779e-07,79.3
2026-05-21 14:27:00,447.7,4.18,0,6.529994607262779e-07,79.3
2026-05-21 14:28:00,450.9,4.6,0,6.503570944005332e-07,79.3
2026-05-21 14:28:00,431.2,1.42,0,6.503570944005332e-07,79.3
2026-05-21 14:29:00,425.4,1.26,0,6.383623940564576e-07,79.3
2026-05-21 14:29:00,452.3,4.56,0,6.383623940564576e-07,79.3
2026-05-21 14:30:00,454.1,4.71,0,6.343404379549611e-07,79.3
2026-05-21 14:30:00,437.7,2.18,0,6.343404379549611e-07,79.3
2026-05-21 14:31:00,454.1,4.64,0,5.763775678957472e-09,79.3
2026-05-21 14:31:00,427.7,1.66,0,5.763775678957472e-09,79.3
2026-05-21 14:32:00,426.5,1.25,0,7.8961805982658e-09,79.3
2026-05-21 14:32:00,451.3,4.75,0,7.8961805982658e-09,79.3
2026-05-21 14:33:00,453.7,4.65,0,6.379053161253978e-07,79.3
